"plate","true_rep","isolate","time","value","Blank_Replicate"
"Plate 1","Dulse 1","1",2,0.0206666666666667,0.154
"Plate 1","Dulse 1","1",4,0.0343333333333333,0.144666666666667
"Plate 1","Dulse 1","1",6,0.0426666666666667,0.166
"Plate 1","Dulse 1","1",8,0.0663333333333333,0.162
"Plate 1","Dulse 1","1",10,0.085,0.161666666666667
"Plate 1","Dulse 1","1",12,0.136,0.147666666666667
"Plate 1","Dulse 1","1",14,0.166,0.156
"Plate 1","Dulse 1","1",16,0.145333333333333,0.159666666666667
"Plate 1","Dulse 1","10",2,0.038,0.154
"Plate 1","Dulse 1","10",4,0.048,0.144666666666667
"Plate 1","Dulse 1","10",6,0.044,0.166
"Plate 1","Dulse 1","10",8,0.09,0.162
"Plate 1","Dulse 1","10",10,0.0783333333333333,0.161666666666667
"Plate 1","Dulse 1","10",12,0.0653333333333333,0.147666666666667
"Plate 1","Dulse 1","10",14,0.0876666666666667,0.156
"Plate 1","Dulse 1","10",16,0.0636666666666666,0.159666666666667
"Plate 1","Dulse 1","11",2,0.00749999999999998,0.154
"Plate 1","Dulse 1","11",4,0.0123333333333333,0.144666666666667
"Plate 1","Dulse 1","11",6,0.015,0.166
"Plate 1","Dulse 1","11",8,0.0616666666666666,0.162
"Plate 1","Dulse 1","11",10,0.0896666666666667,0.161666666666667
"Plate 1","Dulse 1","11",12,0.075,0.147666666666667
"Plate 1","Dulse 1","11",14,0.0696666666666667,0.156
"Plate 1","Dulse 1","11",16,0.0663333333333333,0.159666666666667
"Plate 1","Dulse 1","12",2,0.0163333333333333,0.154
"Plate 1","Dulse 1","12",4,0.0333333333333333,0.144666666666667
"Plate 1","Dulse 1","12",6,0.0586666666666666,0.166
"Plate 1","Dulse 1","12",8,0.0806666666666667,0.162
"Plate 1","Dulse 1","12",10,0.102333333333333,0.161666666666667
"Plate 1","Dulse 1","12",12,0.117666666666667,0.147666666666667
"Plate 1","Dulse 1","12",14,0.125,0.156
"Plate 1","Dulse 1","12",16,0.117333333333333,0.159666666666667
"Plate 1","Dulse 1","13",2,0.051,0.154
"Plate 1","Dulse 1","13",4,0.0573333333333333,0.144666666666667
"Plate 1","Dulse 1","13",6,0.0485,0.166
"Plate 1","Dulse 1","13",8,0.03,0.162
"Plate 1","Dulse 1","13",10,0.0683333333333333,0.161666666666667
"Plate 1","Dulse 1","13",12,0.123333333333333,0.147666666666667
"Plate 1","Dulse 1","13",14,0.156666666666667,0.156
"Plate 1","Dulse 1","13",16,0.145333333333333,0.159666666666667
"Plate 1","Dulse 1","14",2,0.026,0.154
"Plate 1","Dulse 1","14",4,0.043,0.144666666666667
"Plate 1","Dulse 1","14",6,0.037,0.166
"Plate 1","Dulse 1","14",8,0.0733333333333333,0.162
"Plate 1","Dulse 1","14",10,0.100666666666667,0.161666666666667
"Plate 1","Dulse 1","14",12,0.114666666666667,0.147666666666667
"Plate 1","Dulse 1","14",14,0.100333333333333,0.156
"Plate 1","Dulse 1","14",16,0.0613333333333333,0.159666666666667
"Plate 1","Dulse 1","15",2,-0.00133333333333333,0.154
"Plate 1","Dulse 1","15",4,0.00266666666666665,0.144666666666667
"Plate 1","Dulse 1","15",6,-0.0153333333333333,0.166
"Plate 1","Dulse 1","15",8,-0.004,0.162
"Plate 1","Dulse 1","15",10,-0.005,0.161666666666667
"Plate 1","Dulse 1","15",12,0.0173333333333333,0.147666666666667
"Plate 1","Dulse 1","15",14,0.0263333333333333,0.156
"Plate 1","Dulse 1","15",16,0.0366666666666667,0.159666666666667
"Plate 1","Dulse 1","2",2,0.012,0.154
"Plate 1","Dulse 1","2",4,0.0126666666666667,0.144666666666667
"Plate 1","Dulse 1","2",6,0.00633333333333333,0.166
"Plate 1","Dulse 1","2",8,0.0803333333333333,0.162
"Plate 1","Dulse 1","2",10,0.059,0.161666666666667
"Plate 1","Dulse 1","2",12,0.0473333333333333,0.147666666666667
"Plate 1","Dulse 1","2",14,0.081,0.156
"Plate 1","Dulse 1","2",16,0.0816666666666667,0.159666666666667
"Plate 1","Dulse 1","3",2,0.00333333333333333,0.154
"Plate 1","Dulse 1","3",4,0.0213333333333333,0.144666666666667
"Plate 1","Dulse 1","3",6,0.0146666666666667,0.166
"Plate 1","Dulse 1","3",8,0.0676666666666667,0.162
"Plate 1","Dulse 1","3",10,0.085,0.161666666666667
"Plate 1","Dulse 1","3",12,0.0906666666666667,0.147666666666667
"Plate 1","Dulse 1","3",14,0.133333333333333,0.156
"Plate 1","Dulse 1","3",16,0.096,0.159666666666667
"Plate 1","Dulse 1","4",2,0.0406666666666667,0.154
"Plate 1","Dulse 1","4",4,0.0216666666666667,0.144666666666667
"Plate 1","Dulse 1","4",6,0.0626666666666667,0.166
"Plate 1","Dulse 1","4",8,0.0396666666666667,0.162
"Plate 1","Dulse 1","4",10,0.087,0.161666666666667
"Plate 1","Dulse 1","4",12,0.143,0.147666666666667
"Plate 1","Dulse 1","4",14,0.228333333333333,0.156
"Plate 1","Dulse 1","4",16,0.369333333333333,0.159666666666667
"Plate 1","Dulse 1","5",2,0.045,0.154
"Plate 1","Dulse 1","5",4,0.065,0.144666666666667
"Plate 1","Dulse 1","5",6,0.0863333333333333,0.166
"Plate 1","Dulse 1","5",8,0.134333333333333,0.162
"Plate 1","Dulse 1","5",10,0.0643333333333333,0.161666666666667
"Plate 1","Dulse 1","5",12,0.118333333333333,0.147666666666667
"Plate 1","Dulse 1","5",14,0.100666666666667,0.156
"Plate 1","Dulse 1","5",16,0.110666666666667,0.159666666666667
"Plate 1","Dulse 1","6",2,0.0333333333333333,0.154
"Plate 1","Dulse 1","6",4,0.0636666666666666,0.144666666666667
"Plate 1","Dulse 1","6",6,0.121333333333333,0.166
"Plate 1","Dulse 1","6",8,0.130333333333333,0.162
"Plate 1","Dulse 1","6",10,0.105,0.161666666666667
"Plate 1","Dulse 1","6",12,0.102666666666667,0.147666666666667
"Plate 1","Dulse 1","6",14,0.09,0.156
"Plate 1","Dulse 1","6",16,0.0886666666666667,0.159666666666667
"Plate 1","Dulse 1","7",2,-0.00466666666666668,0.154
"Plate 1","Dulse 1","7",4,0.0186666666666667,0.144666666666667
"Plate 1","Dulse 1","7",6,0.0553333333333333,0.166
"Plate 1","Dulse 1","7",8,0.120333333333333,0.162
"Plate 1","Dulse 1","7",10,0.145666666666667,0.161666666666667
"Plate 1","Dulse 1","7",12,0.0933333333333334,0.147666666666667
"Plate 1","Dulse 1","7",14,0.231333333333333,0.156
"Plate 1","Dulse 1","7",16,0.274,0.159666666666667
"Plate 1","Dulse 1","8",2,0.021,0.154
"Plate 1","Dulse 1","8",4,0.0173333333333333,0.144666666666667
"Plate 1","Dulse 1","8",6,0.059,0.166
"Plate 1","Dulse 1","8",8,0.0316666666666666,0.162
"Plate 1","Dulse 1","8",10,0.0513333333333333,0.161666666666667
"Plate 1","Dulse 1","8",12,0.129,0.147666666666667
"Plate 1","Dulse 1","8",14,0.228,0.156
"Plate 1","Dulse 1","8",16,0.183333333333333,0.159666666666667
"Plate 1","Dulse 1","9",2,0.0583333333333333,0.154
"Plate 1","Dulse 1","9",4,0.0733333333333333,0.144666666666667
"Plate 1","Dulse 1","9",6,0.0686666666666667,0.166
"Plate 1","Dulse 1","9",8,0.083,0.162
"Plate 1","Dulse 1","9",10,0.0803333333333333,0.161666666666667
"Plate 1","Dulse 1","9",12,0.0933333333333334,0.147666666666667
"Plate 1","Dulse 1","9",14,0.103666666666667,0.156
"Plate 1","Dulse 1","9",16,0.111666666666667,0.159666666666667
"Plate 2","Dulse 1","16",2,0.0133333333333333,0.182666666666667
"Plate 2","Dulse 1","16",4,0.0246666666666667,0.161333333333333
"Plate 2","Dulse 1","16",6,0.0386666666666667,0.156
"Plate 2","Dulse 1","16",8,0.048,0.139333333333333
"Plate 2","Dulse 1","16",10,0.104333333333333,0.135666666666667
"Plate 2","Dulse 1","16",12,0.105,0.122333333333333
"Plate 2","Dulse 1","16",14,0.147666666666667,0.144
"Plate 2","Dulse 1","16",16,0.157666666666667,0.167333333333333
"Plate 2","Dulse 1","17",2,-0.0136666666666667,0.182666666666667
"Plate 2","Dulse 1","17",4,0.0236666666666667,0.161333333333333
"Plate 2","Dulse 1","17",6,0.013,0.156
"Plate 2","Dulse 1","17",8,0.0346666666666667,0.139333333333333
"Plate 2","Dulse 1","17",10,0.047,0.135666666666667
"Plate 2","Dulse 1","17",12,0.091,0.122333333333333
"Plate 2","Dulse 1","17",14,0.0866666666666667,0.144
"Plate 2","Dulse 1","17",16,0.0653333333333333,0.167333333333333
"Plate 2","Dulse 1","18",2,0.00433333333333333,0.182666666666667
"Plate 2","Dulse 1","18",4,0.00666666666666668,0.161333333333333
"Plate 2","Dulse 1","18",6,0.0223333333333333,0.156
"Plate 2","Dulse 1","18",8,0.0436666666666667,0.139333333333333
"Plate 2","Dulse 1","18",10,0.062,0.135666666666667
"Plate 2","Dulse 1","18",12,0.127333333333333,0.122333333333333
"Plate 2","Dulse 1","18",14,0.186666666666667,0.144
"Plate 2","Dulse 1","18",16,0.179333333333333,0.167333333333333
"Plate 2","Dulse 1","19",2,0.00283333333333333,0.182666666666667
"Plate 2","Dulse 1","19",4,0.014,0.161333333333333
"Plate 2","Dulse 1","19",6,0.0566666666666667,0.156
"Plate 2","Dulse 1","19",8,0.053,0.139333333333333
"Plate 2","Dulse 1","19",10,0.061,0.135666666666667
"Plate 2","Dulse 1","19",12,0.117,0.122333333333333
"Plate 2","Dulse 1","19",14,0.145666666666667,0.144
"Plate 2","Dulse 1","19",16,0.177666666666667,0.167333333333333
"Plate 2","Dulse 1","20",2,0.0136666666666667,0.182666666666667
"Plate 2","Dulse 1","20",4,0.0376666666666667,0.161333333333333
"Plate 2","Dulse 1","20",6,0.042,0.156
"Plate 2","Dulse 1","20",8,0.0656666666666667,0.139333333333333
"Plate 2","Dulse 1","20",10,0.099,0.135666666666667
"Plate 2","Dulse 1","20",12,0.139,0.122333333333333
"Plate 2","Dulse 1","20",14,0.177,0.144
"Plate 2","Dulse 1","20",16,0.154333333333333,0.167333333333333
"Plate 2","Dulse 1","21",2,0.0136666666666667,0.182666666666667
"Plate 2","Dulse 1","21",4,0.047,0.161333333333333
"Plate 2","Dulse 1","21",6,0.049,0.156
"Plate 2","Dulse 1","21",8,0.0866666666666667,0.139333333333333
"Plate 2","Dulse 1","21",10,0.111,0.135666666666667
"Plate 2","Dulse 1","21",12,0.178,0.122333333333333
"Plate 2","Dulse 1","21",14,0.184666666666667,0.144
"Plate 2","Dulse 1","21",16,0.136333333333333,0.167333333333333
"Plate 2","Dulse 1","22",2,-0.00766666666666668,0.182666666666667
"Plate 2","Dulse 1","22",4,0.0366666666666667,0.161333333333333
"Plate 2","Dulse 1","22",6,0.0673333333333333,0.156
"Plate 2","Dulse 1","22",8,0.096,0.139333333333333
"Plate 2","Dulse 1","22",10,0.098,0.135666666666667
"Plate 2","Dulse 1","22",12,0.138333333333333,0.122333333333333
"Plate 2","Dulse 1","22",14,0.131333333333333,0.144
"Plate 2","Dulse 1","22",16,0.118666666666667,0.167333333333333
"Plate 2","Dulse 1","23",2,-0.00566666666666668,0.182666666666667
"Plate 2","Dulse 1","23",4,0.00133333333333333,0.161333333333333
"Plate 2","Dulse 1","23",6,0.0306666666666667,0.156
"Plate 2","Dulse 1","23",8,0.0346666666666667,0.139333333333333
"Plate 2","Dulse 1","23",10,0.0553333333333333,0.135666666666667
"Plate 2","Dulse 1","23",12,0.0993333333333333,0.122333333333333
"Plate 2","Dulse 1","23",14,0.101333333333333,0.144
"Plate 2","Dulse 1","23",16,0.108666666666667,0.167333333333333
"Plate 2","Dulse 1","24",2,0.016,0.182666666666667
"Plate 2","Dulse 1","24",4,0.073,0.161333333333333
"Plate 2","Dulse 1","24",6,0.0726666666666667,0.156
"Plate 2","Dulse 1","24",8,0.0973333333333333,0.139333333333333
"Plate 2","Dulse 1","24",10,0.123333333333333,0.135666666666667
"Plate 2","Dulse 1","24",12,0.145,0.122333333333333
"Plate 2","Dulse 1","24",14,0.145,0.144
"Plate 2","Dulse 1","24",16,0.115333333333333,0.167333333333333
"Plate 2","Dulse 2","1",2,0.061,0.287333333333333
"Plate 2","Dulse 2","1",4,0.0546666666666667,0.255
"Plate 2","Dulse 2","1",6,0.0413333333333333,0.253
"Plate 2","Dulse 2","1",8,0.0506666666666667,0.227333333333333
"Plate 2","Dulse 2","1",10,0.077,0.22
"Plate 2","Dulse 2","1",12,0.107666666666667,0.216666666666667
"Plate 2","Dulse 2","1",14,0.0503333333333333,0.246333333333333
"Plate 2","Dulse 2","1",16,0.0683333333333334,0.280333333333333
"Plate 2","Dulse 2","2",2,0.01,0.287333333333333
"Plate 2","Dulse 2","2",4,0.0386666666666667,0.255
"Plate 2","Dulse 2","2",6,0.0563333333333333,0.253
"Plate 2","Dulse 2","2",8,0.0666666666666667,0.227333333333333
"Plate 2","Dulse 2","2",10,0.0926666666666666,0.22
"Plate 2","Dulse 2","2",12,0.0983333333333333,0.216666666666667
"Plate 2","Dulse 2","2",14,0.131,0.246333333333333
"Plate 2","Dulse 2","2",16,0.084,0.280333333333333
"Plate 2","Dulse 2","3",2,0.024,0.287333333333333
"Plate 2","Dulse 2","3",4,0.0216666666666667,0.255
"Plate 2","Dulse 2","3",6,0.022,0.253
"Plate 2","Dulse 2","3",8,0.0176666666666667,0.227333333333333
"Plate 2","Dulse 2","3",10,0.0283333333333333,0.22
"Plate 2","Dulse 2","3",12,0.0496666666666667,0.216666666666667
"Plate 2","Dulse 2","3",14,0.0513333333333333,0.246333333333333
"Plate 2","Dulse 2","3",16,-0.0106666666666667,0.280333333333333
"Plate 2","Dulse 2","4",2,0.0256666666666667,0.287333333333333
"Plate 2","Dulse 2","4",4,0.0623333333333333,0.255
"Plate 2","Dulse 2","4",6,0.0856666666666667,0.253
"Plate 2","Dulse 2","4",8,0.0946666666666667,0.227333333333333
"Plate 2","Dulse 2","4",10,0.118333333333333,0.22
"Plate 2","Dulse 2","4",12,0.110666666666667,0.216666666666667
"Plate 2","Dulse 2","4",14,0.094,0.246333333333333
"Plate 2","Dulse 2","4",16,0.0566666666666667,0.280333333333333
"Plate 2","Dulse 2","5",2,0.0183333333333333,0.287333333333333
"Plate 2","Dulse 2","5",4,0.087,0.255
"Plate 2","Dulse 2","5",6,0.0793333333333333,0.253
"Plate 2","Dulse 2","5",8,0.142333333333333,0.227333333333333
"Plate 2","Dulse 2","5",10,0.130666666666667,0.22
"Plate 2","Dulse 2","5",12,0.101,0.216666666666667
"Plate 2","Dulse 2","5",14,0.075,0.246333333333333
"Plate 2","Dulse 2","5",16,0.0746666666666667,0.280333333333333
"Plate 3","Dulse 2","10",2,-0.012,0.3205
"Plate 3","Dulse 2","10",4,-0.021,0.263
"Plate 3","Dulse 2","10",6,0,0.277
"Plate 3","Dulse 2","10",8,0.0106666666666667,0.247666666666667
"Plate 3","Dulse 2","10",10,0.0206666666666667,0.246333333333333
"Plate 3","Dulse 2","10",12,0.0718333333333333,0.2185
"Plate 3","Dulse 2","10",14,0.0150000000000001,0.254333333333333
"Plate 3","Dulse 2","10",16,0.0306666666666667,0.240333333333333
"Plate 3","Dulse 2","11",2,-0.0458333333333333,0.3205
"Plate 3","Dulse 2","11",4,0.00766666666666665,0.263
"Plate 3","Dulse 2","11",6,0.0693333333333333,0.277
"Plate 3","Dulse 2","11",8,0.052,0.247666666666667
"Plate 3","Dulse 2","11",10,0.0626666666666666,0.246333333333333
"Plate 3","Dulse 2","11",12,0.1035,0.2185
"Plate 3","Dulse 2","11",14,0.095,0.254333333333333
"Plate 3","Dulse 2","11",16,0.0806666666666667,0.240333333333333
"Plate 3","Dulse 2","12",2,-0.0501666666666667,0.3205
"Plate 3","Dulse 2","12",4,-0.002,0.263
"Plate 3","Dulse 2","12",6,0.038,0.277
"Plate 3","Dulse 2","12",8,0.051,0.247666666666667
"Plate 3","Dulse 2","12",10,0.079,0.246333333333333
"Plate 3","Dulse 2","12",12,0.0881666666666666,0.2185
"Plate 3","Dulse 2","12",14,0.0703333333333334,0.254333333333333
"Plate 3","Dulse 2","12",16,0.084,0.240333333333333
"Plate 3","Dulse 2","13",2,-0.052,0.3205
"Plate 3","Dulse 2","13",4,0.0053333333333333,0.263
"Plate 3","Dulse 2","13",6,0.0846666666666667,0.277
"Plate 3","Dulse 2","13",8,0.0383333333333333,0.247666666666667
"Plate 3","Dulse 2","13",10,0.086,0.246333333333333
"Plate 3","Dulse 2","13",12,0.107166666666667,0.2185
"Plate 3","Dulse 2","13",14,0.0740000000000001,0.254333333333333
"Plate 3","Dulse 2","13",16,0.0933333333333333,0.240333333333333
"Plate 3","Dulse 2","14",2,-0.0435,0.3205
"Plate 3","Dulse 2","14",4,0.0253333333333333,0.263
"Plate 3","Dulse 2","14",6,0.0673333333333333,0.277
"Plate 3","Dulse 2","14",8,0.0826666666666667,0.247666666666667
"Plate 3","Dulse 2","14",10,0.0753333333333333,0.246333333333333
"Plate 3","Dulse 2","14",12,NA,0.2185
"Plate 3","Dulse 2","14",14,0.0760000000000001,0.254333333333333
"Plate 3","Dulse 2","14",16,0.093,0.240333333333333
"Plate 3","Dulse 2","15",2,0.00483333333333336,0.3205
"Plate 3","Dulse 2","15",4,-0.0293333333333334,0.263
"Plate 3","Dulse 2","15",6,-0.00733333333333336,0.277
"Plate 3","Dulse 2","15",8,-0.00533333333333336,0.247666666666667
"Plate 3","Dulse 2","15",10,0.0166666666666667,0.246333333333333
"Plate 3","Dulse 2","15",12,0.0771666666666667,0.2185
"Plate 3","Dulse 2","15",14,0.0503333333333333,0.254333333333333
"Plate 3","Dulse 2","15",16,0.0656666666666667,0.240333333333333
"Plate 3","Dulse 2","16",2,-0.0485,0.3205
"Plate 3","Dulse 2","16",4,-0.0253333333333333,0.263
"Plate 3","Dulse 2","16",6,0.0093333333333333,0.277
"Plate 3","Dulse 2","16",8,0.0306666666666666,0.247666666666667
"Plate 3","Dulse 2","16",10,0.054,0.246333333333333
"Plate 3","Dulse 2","16",12,0.0921666666666666,0.2185
"Plate 3","Dulse 2","16",14,0.0683333333333334,0.254333333333333
"Plate 3","Dulse 2","16",16,0.098,0.240333333333333
"Plate 3","Dulse 2","17",2,0.0148333333333333,0.3205
"Plate 3","Dulse 2","17",4,-0.005,0.263
"Plate 3","Dulse 2","17",6,0.0396666666666666,0.277
"Plate 3","Dulse 2","17",8,0.0203333333333333,0.247666666666667
"Plate 3","Dulse 2","17",10,0.0366666666666666,0.246333333333333
"Plate 3","Dulse 2","17",12,0.0991666666666667,0.2185
"Plate 3","Dulse 2","17",14,0.0796666666666667,0.254333333333333
"Plate 3","Dulse 2","17",16,0.076,0.240333333333333
"Plate 3","Dulse 2","18",2,0.0298333333333333,0.3205
"Plate 3","Dulse 2","18",4,0.035,0.263
"Plate 3","Dulse 2","18",6,0.049,0.277
"Plate 3","Dulse 2","18",8,0.068,0.247666666666667
"Plate 3","Dulse 2","18",10,0.0866666666666667,0.246333333333333
"Plate 3","Dulse 2","18",12,NA,0.2185
"Plate 3","Dulse 2","18",14,0.118666666666667,0.254333333333333
"Plate 3","Dulse 2","18",16,0.0826666666666667,0.240333333333333
"Plate 3","Dulse 2","19",2,-0.0598333333333333,0.3205
"Plate 3","Dulse 2","19",4,-0.0176666666666667,0.263
"Plate 3","Dulse 2","19",6,0.0186666666666667,0.277
"Plate 3","Dulse 2","19",8,0.0483333333333333,0.247666666666667
"Plate 3","Dulse 2","19",10,0.0773333333333333,0.246333333333333
"Plate 3","Dulse 2","19",12,0.130166666666667,0.2185
"Plate 3","Dulse 2","19",14,0.115333333333333,0.254333333333333
"Plate 3","Dulse 2","19",16,0.114333333333333,0.240333333333333
"Plate 3","Dulse 2","20",2,-0.032,0.3205
"Plate 3","Dulse 2","20",4,-0.034,0.263
"Plate 3","Dulse 2","20",6,-0.0243333333333334,0.277
"Plate 3","Dulse 2","20",8,-0.0293333333333334,0.247666666666667
"Plate 3","Dulse 2","20",10,-0.00866666666666668,0.246333333333333
"Plate 3","Dulse 2","20",12,0.0375,0.2185
"Plate 3","Dulse 2","20",14,0.031,0.254333333333333
"Plate 3","Dulse 2","20",16,0.05,0.240333333333333
"Plate 3","Dulse 2","6",2,-0.0595,0.3205
"Plate 3","Dulse 2","6",4,-0.0263333333333333,0.263
"Plate 3","Dulse 2","6",6,0.0336666666666666,0.277
"Plate 3","Dulse 2","6",8,0.028,0.247666666666667
"Plate 3","Dulse 2","6",10,0.0486666666666666,0.246333333333333
"Plate 3","Dulse 2","6",12,0.106166666666667,0.2185
"Plate 3","Dulse 2","6",14,0.0576666666666667,0.254333333333333
"Plate 3","Dulse 2","6",16,0.061,0.240333333333333
"Plate 3","Dulse 2","7",2,-0.0355,0.3205
"Plate 3","Dulse 2","7",4,0.0386666666666666,0.263
"Plate 3","Dulse 2","7",6,0.117,0.277
"Plate 3","Dulse 2","7",8,0.092,0.247666666666667
"Plate 3","Dulse 2","7",10,0.121666666666667,0.246333333333333
"Plate 3","Dulse 2","7",12,0.158166666666667,0.2185
"Plate 3","Dulse 2","7",14,0.115666666666667,0.254333333333333
"Plate 3","Dulse 2","7",16,0.126333333333333,0.240333333333333
"Plate 3","Dulse 2","8",2,-0.0131666666666667,0.3205
"Plate 3","Dulse 2","8",4,-0.057,0.263
"Plate 3","Dulse 2","8",6,-0.0183333333333334,0.277
"Plate 3","Dulse 2","8",8,-0.0243333333333333,0.247666666666667
"Plate 3","Dulse 2","8",10,-0.033,0.246333333333333
"Plate 3","Dulse 2","8",12,-0.00583333333333333,0.2185
"Plate 3","Dulse 2","8",14,-0.0333333333333333,0.254333333333333
"Plate 3","Dulse 2","8",16,0.0206666666666667,0.240333333333333
"Plate 3","Dulse 2","9",2,-0.0171666666666667,0.3205
"Plate 3","Dulse 2","9",4,-0.0356666666666667,0.263
"Plate 3","Dulse 2","9",6,0.0073333333333333,0.277
"Plate 3","Dulse 2","9",8,-0.000666666666666677,0.247666666666667
"Plate 3","Dulse 2","9",10,0.0333333333333333,0.246333333333333
"Plate 3","Dulse 2","9",12,0.0511666666666667,0.2185
"Plate 3","Dulse 2","9",14,0.0436666666666667,0.254333333333333
"Plate 3","Dulse 2","9",16,0.025,0.240333333333333
"Plate 4","Dulse 2","21",2,0.209666666666667,0.233
"Plate 4","Dulse 2","21",4,0.158333333333333,0.229
"Plate 4","Dulse 2","21",6,0.175666666666667,0.258333333333333
"Plate 4","Dulse 2","21",8,0.157,0.210666666666667
"Plate 4","Dulse 2","21",10,0.134,0.199666666666667
"Plate 4","Dulse 2","21",12,0.163333333333333,0.224333333333333
"Plate 4","Dulse 2","21",14,0.178333333333333,0.208
"Plate 4","Dulse 2","21",16,0.162666666666667,0.203666666666667
"Plate 4","Dulse 2","22",2,0.12,0.233
"Plate 4","Dulse 2","22",4,0.0533333333333333,0.229
"Plate 4","Dulse 2","22",6,0.055,0.258333333333333
"Plate 4","Dulse 2","22",8,0.0866666666666667,0.210666666666667
"Plate 4","Dulse 2","22",10,0.095,0.199666666666667
"Plate 4","Dulse 2","22",12,0.149666666666667,0.224333333333333
"Plate 4","Dulse 2","22",14,0.116,0.208
"Plate 4","Dulse 2","22",16,0.125,0.203666666666667
"Plate 4","Dulse 2","23",2,0.0513333333333333,0.233
"Plate 4","Dulse 2","23",4,0.0736666666666666,0.229
"Plate 4","Dulse 2","23",6,0.122166666666667,0.258333333333333
"Plate 4","Dulse 2","23",8,0.105,0.210666666666667
"Plate 4","Dulse 2","23",10,0.111333333333333,0.199666666666667
"Plate 4","Dulse 2","23",12,0.14,0.224333333333333
"Plate 4","Dulse 2","23",14,0.167,0.208
"Plate 4","Dulse 2","23",16,0.159,0.203666666666667
"Plate 4","Dulse 2","24",2,-0.00733333333333336,0.233
"Plate 4","Dulse 2","24",4,0.057,0.229
"Plate 4","Dulse 2","24",6,0.103166666666667,0.258333333333333
"Plate 4","Dulse 2","24",8,0.04,0.210666666666667
"Plate 4","Dulse 2","24",10,0.0610000000000001,0.199666666666667
"Plate 4","Dulse 2","24",12,0.0623333333333334,0.224333333333333
"Plate 4","Dulse 2","24",14,0.09,0.208
"Plate 4","Dulse 2","24",16,0.0866666666666667,0.203666666666667
"Plate 4","Dulse 3","1",2,0.057,0.146
"Plate 4","Dulse 3","1",4,0.0523333333333333,0.147
"Plate 4","Dulse 3","1",6,0.0383333333333333,0.177666666666667
"Plate 4","Dulse 3","1",8,0.0183333333333333,0.144333333333333
"Plate 4","Dulse 3","1",10,0.0483333333333333,0.145
"Plate 4","Dulse 3","1",12,0.133666666666667,0.147
"Plate 4","Dulse 3","1",14,0.132333333333333,0.132666666666667
"Plate 4","Dulse 3","1",16,0.133,0.141333333333333
"Plate 4","Dulse 3","10",2,0.0466666666666667,0.146
"Plate 4","Dulse 3","10",4,0.0136666666666667,0.147
"Plate 4","Dulse 3","10",6,0.004,0.177666666666667
"Plate 4","Dulse 3","10",8,0.037,0.144333333333333
"Plate 4","Dulse 3","10",10,0.091,0.145
"Plate 4","Dulse 3","10",12,0.126666666666667,0.147
"Plate 4","Dulse 3","10",14,0.145333333333333,0.132666666666667
"Plate 4","Dulse 3","10",16,0.144333333333333,0.141333333333333
"Plate 4","Dulse 3","2",2,0.023,0.146
"Plate 4","Dulse 3","2",4,0.0126666666666667,0.147
"Plate 4","Dulse 3","2",6,-0.00433333333333333,0.177666666666667
"Plate 4","Dulse 3","2",8,0.0326666666666666,0.144333333333333
"Plate 4","Dulse 3","2",10,0.094,0.145
"Plate 4","Dulse 3","2",12,0.171333333333333,0.147
"Plate 4","Dulse 3","2",14,0.168666666666667,0.132666666666667
"Plate 4","Dulse 3","2",16,0.159,0.141333333333333
"Plate 4","Dulse 3","3",2,0.0105,0.146
"Plate 4","Dulse 3","3",4,0.029,0.147
"Plate 4","Dulse 3","3",6,0.00800000000000001,0.177666666666667
"Plate 4","Dulse 3","3",8,0.024,0.144333333333333
"Plate 4","Dulse 3","3",10,0.016,0.145
"Plate 4","Dulse 3","3",12,0.028,0.147
"Plate 4","Dulse 3","3",14,0.0396666666666667,0.132666666666667
"Plate 4","Dulse 3","3",16,0.0133333333333333,0.141333333333333
"Plate 4","Dulse 3","4",2,-0.00266666666666665,0.146
"Plate 4","Dulse 3","4",4,0.00166666666666668,0.147
"Plate 4","Dulse 3","4",6,-0.02,0.177666666666667
"Plate 4","Dulse 3","4",8,0.026,0.144333333333333
"Plate 4","Dulse 3","4",10,0.0283333333333333,0.145
"Plate 4","Dulse 3","4",12,0.0536666666666667,0.147
"Plate 4","Dulse 3","4",14,0.0416666666666667,0.132666666666667
"Plate 4","Dulse 3","4",16,0.0496666666666667,0.141333333333333
"Plate 4","Dulse 3","5",2,0.0366666666666667,0.146
"Plate 4","Dulse 3","5",4,0.019,0.147
"Plate 4","Dulse 3","5",6,0,0.177666666666667
"Plate 4","Dulse 3","5",8,0.037,0.144333333333333
"Plate 4","Dulse 3","5",10,0.101666666666667,0.145
"Plate 4","Dulse 3","5",12,0.16,0.147
"Plate 4","Dulse 3","5",14,0.152666666666667,0.132666666666667
"Plate 4","Dulse 3","5",16,0.153333333333333,0.141333333333333
"Plate 4","Dulse 3","6",2,0.013,0.146
"Plate 4","Dulse 3","6",4,0.00866666666666668,0.147
"Plate 4","Dulse 3","6",6,0.00633333333333333,0.177666666666667
"Plate 4","Dulse 3","6",8,0.049,0.144333333333333
"Plate 4","Dulse 3","6",10,0.094,0.145
"Plate 4","Dulse 3","6",12,0.125666666666667,0.147
"Plate 4","Dulse 3","6",14,0.15,0.132666666666667
"Plate 4","Dulse 3","6",16,0.142333333333333,0.141333333333333
"Plate 4","Dulse 3","7",2,0.0343333333333334,0.146
"Plate 4","Dulse 3","7",4,0.0216666666666667,0.147
"Plate 4","Dulse 3","7",6,0.0363333333333333,0.177666666666667
"Plate 4","Dulse 3","7",8,0.0233333333333333,0.144333333333333
"Plate 4","Dulse 3","7",10,0.00800000000000001,0.145
"Plate 4","Dulse 3","7",12,0.024,0.147
"Plate 4","Dulse 3","7",14,0.0283333333333333,0.132666666666667
"Plate 4","Dulse 3","7",16,0.021,0.141333333333333
"Plate 4","Dulse 3","8",2,0.02,0.146
"Plate 4","Dulse 3","8",4,0.0356666666666667,0.147
"Plate 4","Dulse 3","8",6,0.0763333333333333,0.177666666666667
"Plate 4","Dulse 3","8",8,0.0796666666666667,0.144333333333333
"Plate 4","Dulse 3","8",10,0.077,0.145
"Plate 4","Dulse 3","8",12,0.105,0.147
"Plate 4","Dulse 3","8",14,0.18,0.132666666666667
"Plate 4","Dulse 3","8",16,0.179333333333333,0.141333333333333
"Plate 4","Dulse 3","9",2,0.0365,0.146
"Plate 4","Dulse 3","9",4,0.0275,0.147
"Plate 4","Dulse 3","9",6,0.00533333333333333,0.177666666666667
"Plate 4","Dulse 3","9",8,0.065,0.144333333333333
"Plate 4","Dulse 3","9",10,0.105,0.145
"Plate 4","Dulse 3","9",12,0.172666666666667,0.147
"Plate 4","Dulse 3","9",14,0.183666666666667,0.132666666666667
"Plate 4","Dulse 3","9",16,0.184666666666667,0.141333333333333
"Plate 5","Dulse 3","11",2,0.0316666666666667,0.162333333333333
"Plate 5","Dulse 3","11",4,NA,0.171333333333333
"Plate 5","Dulse 3","11",6,0.0283333333333333,0.187666666666667
"Plate 5","Dulse 3","11",8,0.0256666666666667,0.168333333333333
"Plate 5","Dulse 3","11",10,-0.0213333333333333,0.161
"Plate 5","Dulse 3","11",12,-0.0653333333333333,0.190333333333333
"Plate 5","Dulse 3","11",14,-0.053,0.176666666666667
"Plate 5","Dulse 3","11",16,-0.0323333333333333,0.156
"Plate 5","Dulse 3","12",2,-0.0193333333333333,0.162333333333333
"Plate 5","Dulse 3","12",4,-0.0163333333333333,0.171333333333333
"Plate 5","Dulse 3","12",6,-0.026,0.187666666666667
"Plate 5","Dulse 3","12",8,0.0103333333333333,0.168333333333333
"Plate 5","Dulse 3","12",10,0.0133333333333333,0.161
"Plate 5","Dulse 3","12",12,0.032,0.190333333333333
"Plate 5","Dulse 3","12",14,0.138666666666667,0.176666666666667
"Plate 5","Dulse 3","12",16,0.125333333333333,0.156
"Plate 5","Dulse 3","13",2,0.002,0.162333333333333
"Plate 5","Dulse 3","13",4,-0.00533333333333336,0.171333333333333
"Plate 5","Dulse 3","13",6,-0.0136666666666667,0.187666666666667
"Plate 5","Dulse 3","13",8,-0.0376666666666667,0.168333333333333
"Plate 5","Dulse 3","13",10,-0.026,0.161
"Plate 5","Dulse 3","13",12,-0.046,0.190333333333333
"Plate 5","Dulse 3","13",14,-0.0183333333333333,0.176666666666667
"Plate 5","Dulse 3","13",16,-0.0376666666666667,0.156
"Plate 5","Dulse 3","14",2,-0.00333333333333333,0.162333333333333
"Plate 5","Dulse 3","14",4,-0.00133333333333335,0.171333333333333
"Plate 5","Dulse 3","14",6,-0.0326666666666667,0.187666666666667
"Plate 5","Dulse 3","14",8,-0.018,0.168333333333333
"Plate 5","Dulse 3","14",10,0.00666666666666665,0.161
"Plate 5","Dulse 3","14",12,0.028,0.190333333333333
"Plate 5","Dulse 3","14",14,0.049,0.176666666666667
"Plate 5","Dulse 3","14",16,0.066,0.156
"Plate 5","Dulse 3","15",2,0.0373333333333333,0.162333333333333
"Plate 5","Dulse 3","15",4,NA,0.171333333333333
"Plate 5","Dulse 3","15",6,0.0288333333333333,0.187666666666667
"Plate 5","Dulse 3","15",8,0.0106666666666667,0.168333333333333
"Plate 5","Dulse 3","15",10,-0.0346666666666667,0.161
"Plate 5","Dulse 3","15",12,-0.0656666666666667,0.190333333333333
"Plate 5","Dulse 3","15",14,-0.0473333333333333,0.176666666666667
"Plate 5","Dulse 3","15",16,-0.034,0.156
"Plate 5","Dulse 3","16",2,-0.00266666666666665,0.162333333333333
"Plate 5","Dulse 3","16",4,0.00999999999999998,0.171333333333333
"Plate 5","Dulse 3","16",6,-0.0113333333333333,0.187666666666667
"Plate 5","Dulse 3","16",8,0.0636666666666667,0.168333333333333
"Plate 5","Dulse 3","16",10,0.0926666666666666,0.161
"Plate 5","Dulse 3","16",12,0.0823333333333333,0.190333333333333
"Plate 5","Dulse 3","16",14,0.117,0.176666666666667
"Plate 5","Dulse 3","16",16,0.128,0.156
"Plate 5","Dulse 3","17",2,0.00766666666666668,0.162333333333333
"Plate 5","Dulse 3","17",4,-0.00683333333333333,0.171333333333333
"Plate 5","Dulse 3","17",6,-0.00233333333333335,0.187666666666667
"Plate 5","Dulse 3","17",8,0.046,0.168333333333333
"Plate 5","Dulse 3","17",10,0.0906666666666666,0.161
"Plate 5","Dulse 3","17",12,0.099,0.190333333333333
"Plate 5","Dulse 3","17",14,0.123,0.176666666666667
"Plate 5","Dulse 3","17",16,0.127666666666667,0.156
"Plate 5","Dulse 3","18",2,-0.00933333333333333,0.162333333333333
"Plate 5","Dulse 3","18",4,0.022,0.171333333333333
"Plate 5","Dulse 3","18",6,0.0203333333333333,0.187666666666667
"Plate 5","Dulse 3","18",8,0.00566666666666665,0.168333333333333
"Plate 5","Dulse 3","18",10,0.055,0.161
"Plate 5","Dulse 3","18",12,0.088,0.190333333333333
"Plate 5","Dulse 3","18",14,0.124666666666667,0.176666666666667
"Plate 5","Dulse 3","18",16,0.089,0.156
"Plate 5","Dulse 3","19",2,0.0316666666666667,0.162333333333333
"Plate 5","Dulse 3","19",4,0.0696666666666667,0.171333333333333
"Plate 5","Dulse 3","19",6,0.00866666666666666,0.187666666666667
"Plate 5","Dulse 3","19",8,0.023,0.168333333333333
"Plate 5","Dulse 3","19",10,0.00633333333333333,0.161
"Plate 5","Dulse 3","19",12,-0.0253333333333333,0.190333333333333
"Plate 5","Dulse 3","19",14,0.019,0.176666666666667
"Plate 5","Dulse 3","19",16,0.0833333333333333,0.156
"Plate 5","Dulse 3","20",2,-0.00866666666666668,0.162333333333333
"Plate 5","Dulse 3","20",4,0.0193333333333333,0.171333333333333
"Plate 5","Dulse 3","20",6,-0.0323333333333334,0.187666666666667
"Plate 5","Dulse 3","20",8,-0.00966666666666668,0.168333333333333
"Plate 5","Dulse 3","20",10,-0.0243333333333333,0.161
"Plate 5","Dulse 3","20",12,-0.062,0.190333333333333
"Plate 5","Dulse 3","20",14,-0.0413333333333333,0.176666666666667
"Plate 5","Dulse 3","20",16,-0.019,0.156
"Plate 5","Dulse 3","21",2,-0.0216666666666667,0.162333333333333
"Plate 5","Dulse 3","21",4,-0.0216666666666667,0.171333333333333
"Plate 5","Dulse 3","21",6,-0.022,0.187666666666667
"Plate 5","Dulse 3","21",8,0.00966666666666666,0.168333333333333
"Plate 5","Dulse 3","21",10,0.0536666666666667,0.161
"Plate 5","Dulse 3","21",12,0.062,0.190333333333333
"Plate 5","Dulse 3","21",14,0.0823333333333333,0.176666666666667
"Plate 5","Dulse 3","21",16,0.0996666666666667,0.156
"Plate 5","Dulse 3","22",2,-0.0216666666666667,0.162333333333333
"Plate 5","Dulse 3","22",4,-0.0106666666666667,0.171333333333333
"Plate 5","Dulse 3","22",6,-0.00233333333333335,0.187666666666667
"Plate 5","Dulse 3","22",8,0.025,0.168333333333333
"Plate 5","Dulse 3","22",10,0.0596666666666667,0.161
"Plate 5","Dulse 3","22",12,0.0416666666666667,0.190333333333333
"Plate 5","Dulse 3","22",14,0.0616666666666667,0.176666666666667
"Plate 5","Dulse 3","22",16,0.094,0.156
"Plate 5","Dulse 3","23",2,0.0196666666666667,0.162333333333333
"Plate 5","Dulse 3","23",4,0.0293333333333333,0.171333333333333
"Plate 5","Dulse 3","23",6,-0.00233333333333335,0.187666666666667
"Plate 5","Dulse 3","23",8,-0.00133333333333333,0.168333333333333
"Plate 5","Dulse 3","23",10,-0.01,0.161
"Plate 5","Dulse 3","23",12,-0.019,0.190333333333333
"Plate 5","Dulse 3","23",14,-0.0166666666666667,0.176666666666667
"Plate 5","Dulse 3","23",16,0.0183333333333333,0.156
"Plate 5","Dulse 3","24",2,-0.004,0.162333333333333
"Plate 5","Dulse 3","24",4,0.0146666666666667,0.171333333333333
"Plate 5","Dulse 3","24",6,0.015,0.187666666666667
"Plate 5","Dulse 3","24",8,0.072,0.168333333333333
"Plate 5","Dulse 3","24",10,0.0746666666666667,0.161
"Plate 5","Dulse 3","24",12,0.0393333333333333,0.190333333333333
"Plate 5","Dulse 3","24",14,0.067,0.176666666666667
"Plate 5","Dulse 3","24",16,0.091,0.156
"Plate 6","Dulse 4","1",2,0.0263333333333333,0.197333333333333
"Plate 6","Dulse 4","1",4,0.022,0.140333333333333
"Plate 6","Dulse 4","1",6,0.0246666666666667,0.137666666666667
"Plate 6","Dulse 4","1",8,0.0203333333333333,0.155666666666667
"Plate 6","Dulse 4","1",10,0.0696666666666667,0.135333333333333
"Plate 6","Dulse 4","1",12,0.0976666666666667,0.133
"Plate 6","Dulse 4","1",14,0.187666666666667,0.140666666666667
"Plate 6","Dulse 4","1",16,0.177,0.136666666666667
"Plate 6","Dulse 4","10",2,-0.0243333333333333,0.197333333333333
"Plate 6","Dulse 4","10",4,0.00866666666666666,0.140333333333333
"Plate 6","Dulse 4","10",6,0.00600000000000001,0.137666666666667
"Plate 6","Dulse 4","10",8,-0.00133333333333335,0.155666666666667
"Plate 6","Dulse 4","10",10,0.051,0.135333333333333
"Plate 6","Dulse 4","10",12,0.0816666666666667,0.133
"Plate 6","Dulse 4","10",14,0.156333333333333,0.140666666666667
"Plate 6","Dulse 4","10",16,0.194333333333333,0.136666666666667
"Plate 6","Dulse 4","11",2,-0.0293333333333333,0.197333333333333
"Plate 6","Dulse 4","11",4,0.00666666666666665,0.140333333333333
"Plate 6","Dulse 4","11",6,0.0133333333333333,0.137666666666667
"Plate 6","Dulse 4","11",8,0.0213333333333333,0.155666666666667
"Plate 6","Dulse 4","11",10,0.102666666666667,0.135333333333333
"Plate 6","Dulse 4","11",12,0.191,0.133
"Plate 6","Dulse 4","11",14,0.253333333333333,0.140666666666667
"Plate 6","Dulse 4","11",16,0.194333333333333,0.136666666666667
"Plate 6","Dulse 4","12",2,-0.005,0.197333333333333
"Plate 6","Dulse 4","12",4,0.0266666666666666,0.140333333333333
"Plate 6","Dulse 4","12",6,0.035,0.137666666666667
"Plate 6","Dulse 4","12",8,0.0296666666666666,0.155666666666667
"Plate 6","Dulse 4","12",10,0.112,0.135333333333333
"Plate 6","Dulse 4","12",12,0.167666666666667,0.133
"Plate 6","Dulse 4","12",14,0.225333333333333,0.140666666666667
"Plate 6","Dulse 4","12",16,0.218666666666667,0.136666666666667
"Plate 6","Dulse 4","13",2,-0.002,0.197333333333333
"Plate 6","Dulse 4","13",4,0.0263333333333333,0.140333333333333
"Plate 6","Dulse 4","13",6,0.019,0.137666666666667
"Plate 6","Dulse 4","13",8,0.017,0.155666666666667
"Plate 6","Dulse 4","13",10,0.0603333333333333,0.135333333333333
"Plate 6","Dulse 4","13",12,0.126666666666667,0.133
"Plate 6","Dulse 4","13",14,0.193333333333333,0.140666666666667
"Plate 6","Dulse 4","13",16,0.206333333333333,0.136666666666667
"Plate 6","Dulse 4","14",2,0.005,0.197333333333333
"Plate 6","Dulse 4","14",4,0.00966666666666666,0.140333333333333
"Plate 6","Dulse 4","14",6,0.021,0.137666666666667
"Plate 6","Dulse 4","14",8,0.0253333333333333,0.155666666666667
"Plate 6","Dulse 4","14",10,0.0883333333333333,0.135333333333333
"Plate 6","Dulse 4","14",12,0.138,0.133
"Plate 6","Dulse 4","14",14,0.163,0.140666666666667
"Plate 6","Dulse 4","14",16,0.180333333333333,0.136666666666667
"Plate 6","Dulse 4","15",2,-0.0413333333333333,0.197333333333333
"Plate 6","Dulse 4","15",4,0.00433333333333333,0.140333333333333
"Plate 6","Dulse 4","15",6,0.0113333333333333,0.137666666666667
"Plate 6","Dulse 4","15",8,-0.000666666666666677,0.155666666666667
"Plate 6","Dulse 4","15",10,0.0506666666666667,0.135333333333333
"Plate 6","Dulse 4","15",12,0.085,0.133
"Plate 6","Dulse 4","15",14,0.141666666666667,0.140666666666667
"Plate 6","Dulse 4","15",16,0.155666666666667,0.136666666666667
"Plate 6","Dulse 4","2",2,0.00966666666666666,0.197333333333333
"Plate 6","Dulse 4","2",4,0.00666666666666665,0.140333333333333
"Plate 6","Dulse 4","2",6,0.00900000000000001,0.137666666666667
"Plate 6","Dulse 4","2",8,0.00266666666666665,0.155666666666667
"Plate 6","Dulse 4","2",10,0.0836666666666667,0.135333333333333
"Plate 6","Dulse 4","2",12,0.145666666666667,0.133
"Plate 6","Dulse 4","2",14,0.23,0.140666666666667
"Plate 6","Dulse 4","2",16,0.203666666666667,0.136666666666667
"Plate 6","Dulse 4","3",2,0.0246666666666667,0.197333333333333
"Plate 6","Dulse 4","3",4,0.018,0.140333333333333
"Plate 6","Dulse 4","3",6,0.0243333333333333,0.137666666666667
"Plate 6","Dulse 4","3",8,0.0156666666666667,0.155666666666667
"Plate 6","Dulse 4","3",10,0.0733333333333333,0.135333333333333
"Plate 6","Dulse 4","3",12,0.137,0.133
"Plate 6","Dulse 4","3",14,0.207333333333333,0.140666666666667
"Plate 6","Dulse 4","3",16,0.221666666666667,0.136666666666667
"Plate 6","Dulse 4","4",2,-0.0196666666666667,0.197333333333333
"Plate 6","Dulse 4","4",4,0.0206666666666667,0.140333333333333
"Plate 6","Dulse 4","4",6,0.0486666666666667,0.137666666666667
"Plate 6","Dulse 4","4",8,0.00833333333333333,0.155666666666667
"Plate 6","Dulse 4","4",10,0.0673333333333333,0.135333333333333
"Plate 6","Dulse 4","4",12,0.08,0.133
"Plate 6","Dulse 4","4",14,0.148,0.140666666666667
"Plate 6","Dulse 4","4",16,0.166666666666667,0.136666666666667
"Plate 6","Dulse 4","5",2,0.00966666666666666,0.197333333333333
"Plate 6","Dulse 4","5",4,0.025,0.140333333333333
"Plate 6","Dulse 4","5",6,0.0423333333333333,0.137666666666667
"Plate 6","Dulse 4","5",8,0.0183333333333333,0.155666666666667
"Plate 6","Dulse 4","5",10,0.0476666666666667,0.135333333333333
"Plate 6","Dulse 4","5",12,0.0896666666666667,0.133
"Plate 6","Dulse 4","5",14,0.137333333333333,0.140666666666667
"Plate 6","Dulse 4","5",16,0.157,0.136666666666667
"Plate 6","Dulse 4","6",2,0.00966666666666668,0.197333333333333
"Plate 6","Dulse 4","6",4,0.0386666666666667,0.140333333333333
"Plate 6","Dulse 4","6",6,0.055,0.137666666666667
"Plate 6","Dulse 4","6",8,0.0803333333333333,0.155666666666667
"Plate 6","Dulse 4","6",10,0.0813333333333333,0.135333333333333
"Plate 6","Dulse 4","6",12,0.104333333333333,0.133
"Plate 6","Dulse 4","6",14,0.118666666666667,0.140666666666667
"Plate 6","Dulse 4","6",16,0.110333333333333,0.136666666666667
"Plate 6","Dulse 4","7",2,0.0103333333333333,0.197333333333333
"Plate 6","Dulse 4","7",4,0.04,0.140333333333333
"Plate 6","Dulse 4","7",6,0.0783333333333333,0.137666666666667
"Plate 6","Dulse 4","7",8,0.134,0.155666666666667
"Plate 6","Dulse 4","7",10,0.222,0.135333333333333
"Plate 6","Dulse 4","7",12,0.274333333333333,0.133
"Plate 6","Dulse 4","7",14,0.318666666666667,0.140666666666667
"Plate 6","Dulse 4","7",16,0.230333333333333,0.136666666666667
"Plate 6","Dulse 4","8",2,0.00800000000000001,0.197333333333333
"Plate 6","Dulse 4","8",4,0.037,0.140333333333333
"Plate 6","Dulse 4","8",6,0.0366666666666667,0.137666666666667
"Plate 6","Dulse 4","8",8,0.0183333333333333,0.155666666666667
"Plate 6","Dulse 4","8",10,0.0686666666666667,0.135333333333333
"Plate 6","Dulse 4","8",12,0.091,0.133
"Plate 6","Dulse 4","8",14,0.142333333333333,0.140666666666667
"Plate 6","Dulse 4","8",16,0.164666666666667,0.136666666666667
"Plate 6","Dulse 4","9",2,0.0186666666666667,0.197333333333333
"Plate 6","Dulse 4","9",4,0.0263333333333333,0.140333333333333
"Plate 6","Dulse 4","9",6,0.0296666666666667,0.137666666666667
"Plate 6","Dulse 4","9",8,0.029,0.155666666666667
"Plate 6","Dulse 4","9",10,0.0733333333333333,0.135333333333333
"Plate 6","Dulse 4","9",12,0.135,0.133
"Plate 6","Dulse 4","9",14,0.201333333333333,0.140666666666667
"Plate 6","Dulse 4","9",16,0.213,0.136666666666667
"Plate 7","Dulse 4","16",2,0.0616666666666667,0.200333333333333
"Plate 7","Dulse 4","16",4,0.0323333333333334,0.151666666666667
"Plate 7","Dulse 4","16",6,0.0173333333333333,0.148666666666667
"Plate 7","Dulse 4","16",8,0.0313333333333333,0.141
"Plate 7","Dulse 4","16",10,0.0566666666666667,0.139666666666667
"Plate 7","Dulse 4","16",12,0.0736666666666667,0.144333333333333
"Plate 7","Dulse 4","16",14,0.100333333333333,0.135666666666667
"Plate 7","Dulse 4","16",16,0.168666666666667,0.132333333333333
"Plate 7","Dulse 4","17",2,0.032,0.200333333333333
"Plate 7","Dulse 4","17",4,0.0253333333333333,0.151666666666667
"Plate 7","Dulse 4","17",6,0.0226666666666667,0.148666666666667
"Plate 7","Dulse 4","17",8,0.0373333333333333,0.141
"Plate 7","Dulse 4","17",10,0.083,0.139666666666667
"Plate 7","Dulse 4","17",12,0.13,0.144333333333333
"Plate 7","Dulse 4","17",14,0.146666666666667,0.135666666666667
"Plate 7","Dulse 4","17",16,0.192333333333333,0.132333333333333
"Plate 7","Dulse 4","18",2,0.00600000000000001,0.200333333333333
"Plate 7","Dulse 4","18",4,0.03,0.151666666666667
"Plate 7","Dulse 4","18",6,0.0116666666666667,0.148666666666667
"Plate 7","Dulse 4","18",8,0.02,0.141
"Plate 7","Dulse 4","18",10,0.0446666666666667,0.139666666666667
"Plate 7","Dulse 4","18",12,0.0753333333333333,0.144333333333333
"Plate 7","Dulse 4","18",14,0.0906666666666667,0.135666666666667
"Plate 7","Dulse 4","18",16,0.106,0.132333333333333
"Plate 7","Dulse 4","19",2,0.0186666666666667,0.200333333333333
"Plate 7","Dulse 4","19",4,0.0186666666666667,0.151666666666667
"Plate 7","Dulse 4","19",6,0.012,0.148666666666667
"Plate 7","Dulse 4","19",8,0.0366666666666667,0.141
"Plate 7","Dulse 4","19",10,0.0693333333333333,0.139666666666667
"Plate 7","Dulse 4","19",12,0.133333333333333,0.144333333333333
"Plate 7","Dulse 4","19",14,0.182,0.135666666666667
"Plate 7","Dulse 4","19",16,0.221666666666667,0.132333333333333
"Plate 7","Dulse 4","20",2,0.074,0.200333333333333
"Plate 7","Dulse 4","20",4,0.0513333333333334,0.151666666666667
"Plate 7","Dulse 4","20",6,0.054,0.148666666666667
"Plate 7","Dulse 4","20",8,0.101666666666667,0.141
"Plate 7","Dulse 4","20",10,0.157333333333333,0.139666666666667
"Plate 7","Dulse 4","20",12,0.182333333333333,0.144333333333333
"Plate 7","Dulse 4","20",14,0.235,0.135666666666667
"Plate 7","Dulse 4","20",16,0.175666666666667,0.132333333333333
"Plate 7","Dulse 4","21",2,0.0166666666666667,0.200333333333333
"Plate 7","Dulse 4","21",4,0.0256666666666667,0.151666666666667
"Plate 7","Dulse 4","21",6,0.0196666666666667,0.148666666666667
"Plate 7","Dulse 4","21",8,0.055,0.141
"Plate 7","Dulse 4","21",10,0.109,0.139666666666667
"Plate 7","Dulse 4","21",12,0.147,0.144333333333333
"Plate 7","Dulse 4","21",14,0.188,0.135666666666667
"Plate 7","Dulse 4","21",16,0.184666666666667,0.132333333333333
"Plate 7","Dulse 4","22",2,0.00566666666666665,0.200333333333333
"Plate 7","Dulse 4","22",4,0.024,0.151666666666667
"Plate 7","Dulse 4","22",6,0.0116666666666667,0.148666666666667
"Plate 7","Dulse 4","22",8,0.0493333333333333,0.141
"Plate 7","Dulse 4","22",10,0.119666666666667,0.139666666666667
"Plate 7","Dulse 4","22",12,0.204,0.144333333333333
"Plate 7","Dulse 4","22",14,0.258333333333333,0.135666666666667
"Plate 7","Dulse 4","22",16,0.219666666666667,0.132333333333333
"Plate 7","Dulse 4","23",2,-0.00366666666666668,0.200333333333333
"Plate 7","Dulse 4","23",4,0.0173333333333334,0.151666666666667
"Plate 7","Dulse 4","23",6,0.043,0.148666666666667
"Plate 7","Dulse 4","23",8,0.105666666666667,0.141
"Plate 7","Dulse 4","23",10,0.143333333333333,0.139666666666667
"Plate 7","Dulse 4","23",12,0.284333333333333,0.144333333333333
"Plate 7","Dulse 4","23",14,0.240666666666667,0.135666666666667
"Plate 7","Dulse 4","23",16,0.226333333333333,0.132333333333333
"Plate 7","Dulse 4","24",2,0.0476666666666667,0.200333333333333
"Plate 7","Dulse 4","24",4,0.100333333333333,0.151666666666667
"Plate 7","Dulse 4","24",6,0.106666666666667,0.148666666666667
"Plate 7","Dulse 4","24",8,0.134333333333333,0.141
"Plate 7","Dulse 4","24",10,0.155333333333333,0.139666666666667
"Plate 7","Dulse 4","24",12,0.166666666666667,0.144333333333333
"Plate 7","Dulse 4","24",14,0.141666666666667,0.135666666666667
"Plate 7","Dulse 4","24",16,0.139,0.132333333333333
"Plate 7","Dulse 5","1",2,0.0639999999999999,0.250666666666667
"Plate 7","Dulse 5","1",4,0.0123333333333333,0.255
"Plate 7","Dulse 5","1",6,0.0726666666666667,0.215333333333333
"Plate 7","Dulse 5","1",8,0.0736666666666667,0.218
"Plate 7","Dulse 5","1",10,0.130333333333333,0.191666666666667
"Plate 7","Dulse 5","1",12,0.131166666666667,0.2355
"Plate 7","Dulse 5","1",14,0.188333333333333,0.192333333333333
"Plate 7","Dulse 5","1",16,0.188333333333333,0.182
"Plate 7","Dulse 5","2",2,0.0449999999999999,0.250666666666667
"Plate 7","Dulse 5","2",4,0.029,0.255
"Plate 7","Dulse 5","2",6,0.101333333333333,0.215333333333333
"Plate 7","Dulse 5","2",8,0.110333333333333,0.218
"Plate 7","Dulse 5","2",10,0.157666666666667,0.191666666666667
"Plate 7","Dulse 5","2",12,0.145833333333333,0.2355
"Plate 7","Dulse 5","2",14,0.231333333333333,0.192333333333333
"Plate 7","Dulse 5","2",16,0.242,0.182
"Plate 7","Dulse 5","3",2,0.0303333333333333,0.250666666666667
"Plate 7","Dulse 5","3",4,-0.0153333333333333,0.255
"Plate 7","Dulse 5","3",6,0.0303333333333333,0.215333333333333
"Plate 7","Dulse 5","3",8,0.0383333333333333,0.218
"Plate 7","Dulse 5","3",10,0.092,0.191666666666667
"Plate 7","Dulse 5","3",12,0.116166666666667,0.2355
"Plate 7","Dulse 5","3",14,0.164,0.192333333333333
"Plate 7","Dulse 5","3",16,0.164,0.182
"Plate 7","Dulse 5","4",2,0.0253333333333333,0.250666666666667
"Plate 7","Dulse 5","4",4,0.0103333333333333,0.255
"Plate 7","Dulse 5","4",6,0.0496666666666667,0.215333333333333
"Plate 7","Dulse 5","4",8,0.0606666666666667,0.218
"Plate 7","Dulse 5","4",10,0.115333333333333,0.191666666666667
"Plate 7","Dulse 5","4",12,0.117,0.2355
"Plate 7","Dulse 5","4",14,0.183666666666667,0.192333333333333
"Plate 7","Dulse 5","4",16,0.176666666666667,0.182
"Plate 7","Dulse 5","5",2,0.018,0.250666666666667
"Plate 7","Dulse 5","5",4,0.022,0.255
"Plate 7","Dulse 5","5",6,0.0646666666666667,0.215333333333333
"Plate 7","Dulse 5","5",8,0.0866666666666666,0.218
"Plate 7","Dulse 5","5",10,0.150333333333333,0.191666666666667
"Plate 7","Dulse 5","5",12,0.1005,0.2355
"Plate 7","Dulse 5","5",14,0.180666666666667,0.192333333333333
"Plate 7","Dulse 5","5",16,0.188,0.182
"Plate 8","Dulse 5","10",2,-0.0123333333333333,0.241
"Plate 8","Dulse 5","10",4,0.0203333333333333,0.276
"Plate 8","Dulse 5","10",6,0.0123333333333333,0.243333333333333
"Plate 8","Dulse 5","10",8,0.00100000000000003,0.249333333333333
"Plate 8","Dulse 5","10",10,0.0523333333333333,0.208333333333333
"Plate 8","Dulse 5","10",12,0.0776666666666667,0.231333333333333
"Plate 8","Dulse 5","10",14,0.101666666666667,0.200666666666667
"Plate 8","Dulse 5","10",16,0.120666666666667,0.232
"Plate 8","Dulse 5","11",2,0.00733333333333333,0.241
"Plate 8","Dulse 5","11",4,0.016,0.276
"Plate 8","Dulse 5","11",6,0.0506666666666667,0.243333333333333
"Plate 8","Dulse 5","11",8,0.0543333333333334,0.249333333333333
"Plate 8","Dulse 5","11",10,0.115,0.208333333333333
"Plate 8","Dulse 5","11",12,0.119333333333333,0.231333333333333
"Plate 8","Dulse 5","11",14,0.161333333333333,0.200666666666667
"Plate 8","Dulse 5","11",16,0.14,0.232
"Plate 8","Dulse 5","12",2,0.018,0.241
"Plate 8","Dulse 5","12",4,0.00566666666666665,0.276
"Plate 8","Dulse 5","12",6,0.0263333333333333,0.243333333333333
"Plate 8","Dulse 5","12",8,0.0273333333333333,0.249333333333333
"Plate 8","Dulse 5","12",10,0.075,0.208333333333333
"Plate 8","Dulse 5","12",12,0.183666666666667,0.231333333333333
"Plate 8","Dulse 5","12",14,0.189,0.200666666666667
"Plate 8","Dulse 5","12",16,0.176,0.232
"Plate 8","Dulse 5","13",2,0.00933333333333336,0.241
"Plate 8","Dulse 5","13",4,-0.0226666666666667,0.276
"Plate 8","Dulse 5","13",6,-0.0126666666666666,0.243333333333333
"Plate 8","Dulse 5","13",8,-0.011,0.249333333333333
"Plate 8","Dulse 5","13",10,0.0303333333333333,0.208333333333333
"Plate 8","Dulse 5","13",12,0.0343333333333333,0.231333333333333
"Plate 8","Dulse 5","13",14,0.065,0.200666666666667
"Plate 8","Dulse 5","13",16,0.061,0.232
"Plate 8","Dulse 5","14",2,-0.00766666666666665,0.241
"Plate 8","Dulse 5","14",4,-0.00900000000000001,0.276
"Plate 8","Dulse 5","14",6,0.02,0.243333333333333
"Plate 8","Dulse 5","14",8,0.037,0.249333333333333
"Plate 8","Dulse 5","14",10,0.156,0.208333333333333
"Plate 8","Dulse 5","14",12,0.176333333333333,0.231333333333333
"Plate 8","Dulse 5","14",14,0.189666666666667,0.200666666666667
"Plate 8","Dulse 5","14",16,0.239333333333333,0.232
"Plate 8","Dulse 5","15",2,0,0.241
"Plate 8","Dulse 5","15",4,-0.017,0.276
"Plate 8","Dulse 5","15",6,-0.0146666666666666,0.243333333333333
"Plate 8","Dulse 5","15",8,-0.00833333333333333,0.249333333333333
"Plate 8","Dulse 5","15",10,0.059,0.208333333333333
"Plate 8","Dulse 5","15",12,0.068,0.231333333333333
"Plate 8","Dulse 5","15",14,0.120666666666667,0.200666666666667
"Plate 8","Dulse 5","15",16,0.125666666666667,0.232
"Plate 8","Dulse 5","16",2,-0.0236666666666667,0.241
"Plate 8","Dulse 5","16",4,-0.019,0.276
"Plate 8","Dulse 5","16",6,-0.017,0.243333333333333
"Plate 8","Dulse 5","16",8,-0.0156666666666667,0.249333333333333
"Plate 8","Dulse 5","16",10,0.0276666666666667,0.208333333333333
"Plate 8","Dulse 5","16",12,0.023,0.231333333333333
"Plate 8","Dulse 5","16",14,0.067,0.200666666666667
"Plate 8","Dulse 5","16",16,0.0706666666666667,0.232
"Plate 8","Dulse 5","17",2,-0.00966666666666666,0.241
"Plate 8","Dulse 5","17",4,-0.0113333333333334,0.276
"Plate 8","Dulse 5","17",6,0.02,0.243333333333333
"Plate 8","Dulse 5","17",8,0.0256666666666667,0.249333333333333
"Plate 8","Dulse 5","17",10,0.063,0.208333333333333
"Plate 8","Dulse 5","17",12,0.048,0.231333333333333
"Plate 8","Dulse 5","17",14,0.0643333333333334,0.200666666666667
"Plate 8","Dulse 5","17",16,0.0403333333333333,0.232
"Plate 8","Dulse 5","18",2,0.00133333333333333,0.241
"Plate 8","Dulse 5","18",4,-0.00933333333333336,0.276
"Plate 8","Dulse 5","18",6,-0.00766666666666665,0.243333333333333
"Plate 8","Dulse 5","18",8,-0.00999999999999998,0.249333333333333
"Plate 8","Dulse 5","18",10,0.0396666666666667,0.208333333333333
"Plate 8","Dulse 5","18",12,0.0436666666666667,0.231333333333333
"Plate 8","Dulse 5","18",14,0.126,0.200666666666667
"Plate 8","Dulse 5","18",16,0.092,0.232
"Plate 8","Dulse 5","19",2,0.0426666666666667,0.241
"Plate 8","Dulse 5","19",4,0.00600000000000001,0.276
"Plate 8","Dulse 5","19",6,0.018,0.243333333333333
"Plate 8","Dulse 5","19",8,0.0173333333333333,0.249333333333333
"Plate 8","Dulse 5","19",10,0.076,0.208333333333333
"Plate 8","Dulse 5","19",12,0.0923333333333333,0.231333333333333
"Plate 8","Dulse 5","19",14,0.129666666666667,0.200666666666667
"Plate 8","Dulse 5","19",16,0.118,0.232
"Plate 8","Dulse 5","20",2,0.016,0.241
"Plate 8","Dulse 5","20",4,-0.00233333333333335,0.276
"Plate 8","Dulse 5","20",6,0.00833333333333333,0.243333333333333
"Plate 8","Dulse 5","20",8,0.023,0.249333333333333
"Plate 8","Dulse 5","20",10,0.096,0.208333333333333
"Plate 8","Dulse 5","20",12,0.107333333333333,0.231333333333333
"Plate 8","Dulse 5","20",14,0.136333333333333,0.200666666666667
"Plate 8","Dulse 5","20",16,0.123,0.232
"Plate 8","Dulse 5","6",2,-0.0193333333333333,0.241
"Plate 8","Dulse 5","6",4,-0.014,0.276
"Plate 8","Dulse 5","6",6,-0.0223333333333333,0.243333333333333
"Plate 8","Dulse 5","6",8,-0.0216666666666666,0.249333333333333
"Plate 8","Dulse 5","6",10,0.0453333333333333,0.208333333333333
"Plate 8","Dulse 5","6",12,0.0616666666666666,0.231333333333333
"Plate 8","Dulse 5","6",14,0.136,0.200666666666667
"Plate 8","Dulse 5","6",16,0.254,0.232
"Plate 8","Dulse 5","7",2,-0.021,0.241
"Plate 8","Dulse 5","7",4,-0.00933333333333336,0.276
"Plate 8","Dulse 5","7",6,-0.0353333333333333,0.243333333333333
"Plate 8","Dulse 5","7",8,-0.0303333333333333,0.249333333333333
"Plate 8","Dulse 5","7",10,0.031,0.208333333333333
"Plate 8","Dulse 5","7",12,0.0663333333333333,0.231333333333333
"Plate 8","Dulse 5","7",14,0.0816666666666667,0.200666666666667
"Plate 8","Dulse 5","7",16,0.189333333333333,0.232
"Plate 8","Dulse 5","8",2,-0.0293333333333333,0.241
"Plate 8","Dulse 5","8",4,-0.0443333333333334,0.276
"Plate 8","Dulse 5","8",6,-0.025,0.243333333333333
"Plate 8","Dulse 5","8",8,-0.015,0.249333333333333
"Plate 8","Dulse 5","8",10,0.0933333333333333,0.208333333333333
"Plate 8","Dulse 5","8",12,0.134,0.231333333333333
"Plate 8","Dulse 5","8",14,0.172,0.200666666666667
"Plate 8","Dulse 5","8",16,0.271,0.232
"Plate 8","Dulse 5","9",2,-0.025,0.241
"Plate 8","Dulse 5","9",4,-0.0283333333333333,0.276
"Plate 8","Dulse 5","9",6,-0.022,0.243333333333333
"Plate 8","Dulse 5","9",8,-0.0103333333333333,0.249333333333333
"Plate 8","Dulse 5","9",10,0.0566666666666667,0.208333333333333
"Plate 8","Dulse 5","9",12,0.121666666666667,0.231333333333333
"Plate 8","Dulse 5","9",14,0.129,0.200666666666667
"Plate 8","Dulse 5","9",16,0.269666666666667,0.232
"Plate 9","Dulse 5","21",2,-0.0166666666666667,0.241666666666667
"Plate 9","Dulse 5","21",4,0.0283333333333333,0.250333333333333
"Plate 9","Dulse 5","21",6,0.0343333333333333,0.206
"Plate 9","Dulse 5","21",8,0.102333333333333,0.217
"Plate 9","Dulse 5","21",10,0.092,0.194
"Plate 9","Dulse 5","21",12,0.159333333333333,0.205333333333333
"Plate 9","Dulse 5","21",14,0.132666666666667,0.19
"Plate 9","Dulse 5","21",16,0.128666666666667,0.192
"Plate 9","Dulse 5","22",2,0.0103333333333333,0.241666666666667
"Plate 9","Dulse 5","22",4,0.0601666666666666,0.250333333333333
"Plate 9","Dulse 5","22",6,0.00166666666666668,0.206
"Plate 9","Dulse 5","22",8,0.0253333333333333,0.217
"Plate 9","Dulse 5","22",10,0.0143333333333333,0.194
"Plate 9","Dulse 5","22",12,0.0576666666666667,0.205333333333333
"Plate 9","Dulse 5","22",14,0.0373333333333333,0.19
"Plate 9","Dulse 5","22",16,0.057,0.192
"Plate 9","Dulse 5","23",2,0.019,0.241666666666667
"Plate 9","Dulse 5","23",4,0.0496666666666666,0.250333333333333
"Plate 9","Dulse 5","23",6,0.0176666666666667,0.206
"Plate 9","Dulse 5","23",8,0.05,0.217
"Plate 9","Dulse 5","23",10,0.097,0.194
"Plate 9","Dulse 5","23",12,0.182,0.205333333333333
"Plate 9","Dulse 5","23",14,0.136333333333333,0.19
"Plate 9","Dulse 5","23",16,0.152666666666667,0.192
"Plate 9","Dulse 5","24",2,-0.0276666666666667,0.241666666666667
"Plate 9","Dulse 5","24",4,0.0466666666666666,0.250333333333333
"Plate 9","Dulse 5","24",6,-0.0156666666666667,0.206
"Plate 9","Dulse 5","24",8,-0.0123333333333333,0.217
"Plate 9","Dulse 5","24",10,0.0216666666666667,0.194
"Plate 9","Dulse 5","24",12,NA,0.205333333333333
"Plate 9","Dulse 5","24",14,0.048,0.19
"Plate 9","Dulse 5","24",16,0.091,0.192
"Plate 9","Dulse 6","1",2,-0.0193333333333333,0.192
"Plate 9","Dulse 6","1",4,0.00433333333333333,0.169333333333333
"Plate 9","Dulse 6","1",6,0.0126666666666667,0.154333333333333
"Plate 9","Dulse 6","1",8,0.024,0.145666666666667
"Plate 9","Dulse 6","1",10,0.0126666666666667,0.144666666666667
"Plate 9","Dulse 6","1",12,0.0283333333333333,0.150666666666667
"Plate 9","Dulse 6","1",14,0.0353333333333334,0.141
"Plate 9","Dulse 6","1",16,0.058,0.133333333333333
"Plate 9","Dulse 6","10",2,-0.0253333333333333,0.192
"Plate 9","Dulse 6","10",4,0.00133333333333333,0.169333333333333
"Plate 9","Dulse 6","10",6,0.0316666666666667,0.154333333333333
"Plate 9","Dulse 6","10",8,0.0526666666666667,0.145666666666667
"Plate 9","Dulse 6","10",10,0.0906666666666667,0.144666666666667
"Plate 9","Dulse 6","10",12,0.115666666666667,0.150666666666667
"Plate 9","Dulse 6","10",14,0.159666666666667,0.141
"Plate 9","Dulse 6","10",16,0.193333333333333,0.133333333333333
"Plate 9","Dulse 6","2",2,0.002,0.192
"Plate 9","Dulse 6","2",4,0.00766666666666665,0.169333333333333
"Plate 9","Dulse 6","2",6,0.0126666666666667,0.154333333333333
"Plate 9","Dulse 6","2",8,0.024,0.145666666666667
"Plate 9","Dulse 6","2",10,0.0513333333333333,0.144666666666667
"Plate 9","Dulse 6","2",12,0.064,0.150666666666667
"Plate 9","Dulse 6","2",14,0.1,0.141
"Plate 9","Dulse 6","2",16,0.149,0.133333333333333
"Plate 9","Dulse 6","3",2,0.0486666666666667,0.192
"Plate 9","Dulse 6","3",4,-0.00233333333333333,0.169333333333333
"Plate 9","Dulse 6","3",6,0.005,0.154333333333333
"Plate 9","Dulse 6","3",8,0.0163333333333333,0.145666666666667
"Plate 9","Dulse 6","3",10,0.0286666666666667,0.144666666666667
"Plate 9","Dulse 6","3",12,0.0533333333333333,0.150666666666667
"Plate 9","Dulse 6","3",14,0.0853333333333333,0.141
"Plate 9","Dulse 6","3",16,0.132333333333333,0.133333333333333
"Plate 9","Dulse 6","4",2,0.0563333333333333,0.192
"Plate 9","Dulse 6","4",4,0.0143333333333333,0.169333333333333
"Plate 9","Dulse 6","4",6,0.028,0.154333333333333
"Plate 9","Dulse 6","4",8,0.039,0.145666666666667
"Plate 9","Dulse 6","4",10,0.058,0.144666666666667
"Plate 9","Dulse 6","4",12,0.157666666666667,0.150666666666667
"Plate 9","Dulse 6","4",14,0.165,0.141
"Plate 9","Dulse 6","4",16,0.206333333333333,0.133333333333333
"Plate 9","Dulse 6","5",2,-0.00866666666666668,0.192
"Plate 9","Dulse 6","5",4,0.0106666666666667,0.169333333333333
"Plate 9","Dulse 6","5",6,0.0183333333333333,0.154333333333333
"Plate 9","Dulse 6","5",8,0.0193333333333333,0.145666666666667
"Plate 9","Dulse 6","5",10,0.022,0.144666666666667
"Plate 9","Dulse 6","5",12,0.0293333333333333,0.150666666666667
"Plate 9","Dulse 6","5",14,0.0766666666666667,0.141
"Plate 9","Dulse 6","5",16,0.0893333333333333,0.133333333333333
"Plate 9","Dulse 6","6",2,-0.015,0.192
"Plate 9","Dulse 6","6",4,-0.00166666666666668,0.169333333333333
"Plate 9","Dulse 6","6",6,0.028,0.154333333333333
"Plate 9","Dulse 6","6",8,0.021,0.145666666666667
"Plate 9","Dulse 6","6",10,0.0206666666666667,0.144666666666667
"Plate 9","Dulse 6","6",12,0.017,0.150666666666667
"Plate 9","Dulse 6","6",14,0.0236666666666667,0.141
"Plate 9","Dulse 6","6",16,0.035,0.133333333333333
"Plate 9","Dulse 6","7",2,0.0156666666666667,0.192
"Plate 9","Dulse 6","7",4,0.01,0.169333333333333
"Plate 9","Dulse 6","7",6,0.0383333333333334,0.154333333333333
"Plate 9","Dulse 6","7",8,0.042,0.145666666666667
"Plate 9","Dulse 6","7",10,0.0693333333333333,0.144666666666667
"Plate 9","Dulse 6","7",12,0.094,0.150666666666667
"Plate 9","Dulse 6","7",14,0.117,0.141
"Plate 9","Dulse 6","7",16,0.139,0.133333333333333
"Plate 9","Dulse 6","8",2,0.0453333333333333,0.192
"Plate 9","Dulse 6","8",4,0.00766666666666665,0.169333333333333
"Plate 9","Dulse 6","8",6,0.0126666666666667,0.154333333333333
"Plate 9","Dulse 6","8",8,0.037,0.145666666666667
"Plate 9","Dulse 6","8",10,0.0556666666666667,0.144666666666667
"Plate 9","Dulse 6","8",12,0.077,0.150666666666667
"Plate 9","Dulse 6","8",14,0.109666666666667,0.141
"Plate 9","Dulse 6","8",16,0.14,0.133333333333333
"Plate 9","Dulse 6","9",2,0.00133333333333333,0.192
"Plate 9","Dulse 6","9",4,0.02,0.169333333333333
"Plate 9","Dulse 6","9",6,0.0383333333333333,0.154333333333333
"Plate 9","Dulse 6","9",8,0.0423333333333333,0.145666666666667
"Plate 9","Dulse 6","9",10,0.0336666666666667,0.144666666666667
"Plate 9","Dulse 6","9",12,0.0546666666666667,0.150666666666667
"Plate 9","Dulse 6","9",14,0.056,0.141
"Plate 9","Dulse 6","9",16,0.0816666666666667,0.133333333333333
"Plate 10","Dulse 6","11",2,0.00266666666666665,0.174
"Plate 10","Dulse 6","11",4,-0.0356666666666667,0.193666666666667
"Plate 10","Dulse 6","11",6,-0.0246666666666667,0.171666666666667
"Plate 10","Dulse 6","11",8,-0.00516666666666665,0.160666666666667
"Plate 10","Dulse 6","11",10,0.0148333333333333,0.151666666666667
"Plate 10","Dulse 6","11",12,0.039,0.163
"Plate 10","Dulse 6","11",14,0.0785,0.157
"Plate 10","Dulse 6","11",16,0.135,0.144666666666667
"Plate 10","Dulse 6","12",2,0.003,0.174
"Plate 10","Dulse 6","12",4,-0.0196666666666667,0.193666666666667
"Plate 10","Dulse 6","12",6,-0.0176666666666667,0.171666666666667
"Plate 10","Dulse 6","12",8,0.00933333333333336,0.160666666666667
"Plate 10","Dulse 6","12",10,0.0156666666666667,0.151666666666667
"Plate 10","Dulse 6","12",12,0.05,0.163
"Plate 10","Dulse 6","12",14,0.0506666666666667,0.157
"Plate 10","Dulse 6","12",16,0.104666666666667,0.144666666666667
"Plate 10","Dulse 6","13",2,-0.00666666666666668,0.174
"Plate 10","Dulse 6","13",4,-0.023,0.193666666666667
"Plate 10","Dulse 6","13",6,-0.00766666666666665,0.171666666666667
"Plate 10","Dulse 6","13",8,0.00266666666666668,0.160666666666667
"Plate 10","Dulse 6","13",10,0.0136666666666667,0.151666666666667
"Plate 10","Dulse 6","13",12,0.0313333333333333,0.163
"Plate 10","Dulse 6","13",14,0.0673333333333333,0.157
"Plate 10","Dulse 6","13",16,0.134333333333333,0.144666666666667
"Plate 10","Dulse 6","14",2,-0.00533333333333336,0.174
"Plate 10","Dulse 6","14",4,-0.028,0.193666666666667
"Plate 10","Dulse 6","14",6,-0.0126666666666667,0.171666666666667
"Plate 10","Dulse 6","14",8,-0.00766666666666665,0.160666666666667
"Plate 10","Dulse 6","14",10,-0.00366666666666668,0.151666666666667
"Plate 10","Dulse 6","14",12,0.00333333333333333,0.163
"Plate 10","Dulse 6","14",14,-0.00466666666666668,0.157
"Plate 10","Dulse 6","14",16,0.0203333333333333,0.144666666666667
"Plate 10","Dulse 6","15",2,-0.00266666666666668,0.174
"Plate 10","Dulse 6","15",4,-0.0123333333333334,0.193666666666667
"Plate 10","Dulse 6","15",6,-0.021,0.171666666666667
"Plate 10","Dulse 6","15",8,0.00466666666666668,0.160666666666667
"Plate 10","Dulse 6","15",10,0.024,0.151666666666667
"Plate 10","Dulse 6","15",12,0.017,0.163
"Plate 10","Dulse 6","15",14,0.0656666666666667,0.157
"Plate 10","Dulse 6","15",16,0.122333333333333,0.144666666666667
"Plate 10","Dulse 6","16",2,0.00199999999999997,0.174
"Plate 10","Dulse 6","16",4,-0.0153333333333333,0.193666666666667
"Plate 10","Dulse 6","16",6,0.00233333333333333,0.171666666666667
"Plate 10","Dulse 6","16",8,0.066,0.160666666666667
"Plate 10","Dulse 6","16",10,0.134666666666667,0.151666666666667
"Plate 10","Dulse 6","16",12,0.157,0.163
"Plate 10","Dulse 6","16",14,0.194666666666667,0.157
"Plate 10","Dulse 6","16",16,0.209,0.144666666666667
"Plate 10","Dulse 6","17",2,-0.00566666666666668,0.174
"Plate 10","Dulse 6","17",4,-0.0176666666666667,0.193666666666667
"Plate 10","Dulse 6","17",6,0.00333333333333333,0.171666666666667
"Plate 10","Dulse 6","17",8,0.047,0.160666666666667
"Plate 10","Dulse 6","17",10,0.083,0.151666666666667
"Plate 10","Dulse 6","17",12,0.156333333333333,0.163
"Plate 10","Dulse 6","17",14,0.197666666666667,0.157
"Plate 10","Dulse 6","17",16,0.244333333333333,0.144666666666667
"Plate 10","Dulse 6","18",2,0.0126666666666667,0.174
"Plate 10","Dulse 6","18",4,-0.000666666666666677,0.193666666666667
"Plate 10","Dulse 6","18",6,0.000333333333333324,0.171666666666667
"Plate 10","Dulse 6","18",8,0.00300000000000003,0.160666666666667
"Plate 10","Dulse 6","18",10,0.00966666666666666,0.151666666666667
"Plate 10","Dulse 6","18",12,0.04,0.163
"Plate 10","Dulse 6","18",14,0.0396666666666667,0.157
"Plate 10","Dulse 6","18",16,0.0876666666666667,0.144666666666667
"Plate 10","Dulse 6","19",2,0.0213333333333333,0.174
"Plate 10","Dulse 6","19",4,-0.013,0.193666666666667
"Plate 10","Dulse 6","19",6,-0.00699999999999998,0.171666666666667
"Plate 10","Dulse 6","19",8,0.011,0.160666666666667
"Plate 10","Dulse 6","19",10,0.015,0.151666666666667
"Plate 10","Dulse 6","19",12,0.0176666666666667,0.163
"Plate 10","Dulse 6","19",14,0.038,0.157
"Plate 10","Dulse 6","19",16,0.0686666666666667,0.144666666666667
"Plate 10","Dulse 6","20",2,-0.00233333333333335,0.174
"Plate 10","Dulse 6","20",4,-0.026,0.193666666666667
"Plate 10","Dulse 6","20",6,-0.0116666666666667,0.171666666666667
"Plate 10","Dulse 6","20",8,0.0186666666666667,0.160666666666667
"Plate 10","Dulse 6","20",10,0.0433333333333333,0.151666666666667
"Plate 10","Dulse 6","20",12,0.066,0.163
"Plate 10","Dulse 6","20",14,0.124,0.157
"Plate 10","Dulse 6","20",16,0.215,0.144666666666667
"Plate 10","Dulse 6","21",2,0.0153333333333333,0.174
"Plate 10","Dulse 6","21",4,-0.00966666666666668,0.193666666666667
"Plate 10","Dulse 6","21",6,0.0166666666666667,0.171666666666667
"Plate 10","Dulse 6","21",8,0.042,0.160666666666667
"Plate 10","Dulse 6","21",10,0.0706666666666667,0.151666666666667
"Plate 10","Dulse 6","21",12,0.113666666666667,0.163
"Plate 10","Dulse 6","21",14,0.164666666666667,0.157
"Plate 10","Dulse 6","21",16,0.234666666666667,0.144666666666667
"Plate 10","Dulse 6","22",2,0.00399999999999998,0.174
"Plate 10","Dulse 6","22",4,-0.0253333333333333,0.193666666666667
"Plate 10","Dulse 6","22",6,0.000666666666666677,0.171666666666667
"Plate 10","Dulse 6","22",8,-0.00333333333333333,0.160666666666667
"Plate 10","Dulse 6","22",10,-0.00600000000000001,0.151666666666667
"Plate 10","Dulse 6","22",12,-0.003,0.163
"Plate 10","Dulse 6","22",14,-0.0113333333333333,0.157
"Plate 10","Dulse 6","22",16,0.00600000000000001,0.144666666666667
"Plate 10","Dulse 6","23",2,0.0173333333333333,0.174
"Plate 10","Dulse 6","23",4,-0.014,0.193666666666667
"Plate 10","Dulse 6","23",6,-0.0156666666666667,0.171666666666667
"Plate 10","Dulse 6","23",8,0.022,0.160666666666667
"Plate 10","Dulse 6","23",10,0.023,0.151666666666667
"Plate 10","Dulse 6","23",12,0.02,0.163
"Plate 10","Dulse 6","23",14,0.066,0.157
"Plate 10","Dulse 6","23",16,0.0763333333333333,0.144666666666667
"Plate 10","Dulse 6","24",2,-0.015,0.174
"Plate 10","Dulse 6","24",4,-0.037,0.193666666666667
"Plate 10","Dulse 6","24",6,-0.016,0.171666666666667
"Plate 10","Dulse 6","24",8,0.00133333333333335,0.160666666666667
"Plate 10","Dulse 6","24",10,0.0123333333333333,0.151666666666667
"Plate 10","Dulse 6","24",12,0.0396666666666667,0.163
"Plate 10","Dulse 6","24",14,0.0786666666666667,0.157
"Plate 10","Dulse 6","24",16,0.13,0.144666666666667
